{
  "label": "global_step_20",
  "checkpoint": "checkpoints/antifragile_rl/qwen3-4b-base_numina_math_full_grpo_n8/global_step_20/actor",
  "datasets": {
    "test": {
      "num_samples": 10,
      "num_valid": 10,
      "mean_response_length": 532.7,
      "mean_log_likelihood": -28.25861873626709,
      "mean_log_osb": -535140.72265625,
      "mean_log_likelihood_per_token": -0.05304790451711486,
      "mean_log_osb_per_token": -1004.5817958630561,
      "per_sample": [
        {
          "log_likelihood": -44.61796569824219,
          "log_osb": -271354.6875,
          "response_length": 306,
          "generated_response": " \u4e3a\u4e86\u627e\u5230 \\( n \\) \u7684\u503c\uff0c\u6211\u4eec\u9700\u8981\u5229\u7528\u9b54\u65b9\u9635\u7684\u6027\u8d28\uff0c\u5373\u6bcf\u4e00\u884c\u3001\u6bcf\u4e00\u5217\u4ee5\u53ca\u4e24\u6761\u4e3b\u5bf9\u89d2\u7ebf\u4e0a\u7684\u6570\u5b57\u4e4b\u548c\u90fd\u76f8\u7b49\u3002\u6211\u4eec\u53ef\u4ee5\u4ece\u7ed9\u5b9a\u7684\u77e9\u9635\u4e2d\u9009\u62e9\u4efb\u610f\u4e00\u884c\u6216\u4e00\u5217\u6765\u5efa\u7acb\u7b49\u5f0f\u3002\n\n\u6211\u4eec\u9009\u62e9\u7b2c\u4e00\u884c\u4f5c\u4e3a\u8d77\u70b9\uff0c\u5176\u5143\u7d20\u4e3a \\( n-3 \\), \\( 3 \\), \u548c \\( n+1 \\)\u3002\u56e0\u6b64\uff0c\u7b2c\u4e00\u884c\u7684\u548c\u53ef\u4ee5\u8868\u793a\u4e3a\uff1a\n\\[ (n-3) + 3 + (n+1) = 2n + 1 \\]\n\n\u7531\u4e8e\u8fd9\u662f\u4e00\u4e2a\u9b54\u65b9\u9635\uff0c\u6240\u6709\u884c\u7684\u548c\u5e94\u8be5\u76f8\u7b49\u3002\u6211\u4eec\u53ef\u4ee5\u7528\u7b2c\u4e8c\u884c\u6765\u9a8c\u8bc1\u8fd9\u4e2a\u548c\u3002\u7b2c\u4e8c\u884c\u7684\u5143\u7d20\u662f \\( n+2 \\), \\( 2n-9 \\), \u548c \\( 1 \\)\uff0c\u6240\u4ee5\u7b2c\u4e8c\u884c\u7684\u548c\u4e3a\uff1a\n\\[ (n+2) + (2n-9) + 1 = 3n - 6 \\]\n\n\u56e0\u4e3a\u8fd9\u4e24\u884c\u7684\u548c\u5fc5\u987b\u76f8\u7b49\uff0c\u6240\u4ee5\u6211\u4eec\u6709\uff1a\n\\[ 2n + 1 = 3n - 6 \\]\n\n\u89e3\u8fd9\u4e2a\u65b9\u7a0b\u4ee5\u627e\u5230 \\( n \\) \u7684\u503c\uff1a\n\\[ 2n + 1 = 3n - 6 \\]\n\\[ 1 + 6 = 3n - 2n \\]\n\\[ 7 = n \\]\n\n\u6240\u4ee5\uff0c\\( n \\) \u7684\u503c\u662f \\( 7 \\)\u3002\n\n\u6700\u7ec8\u7b54\u6848\u662f\uff1a\n\\[ \\boxed{7} \\]",
          "ground_truth": "7"
        },
        {
          "log_likelihood": -12.877641677856445,
          "log_osb": -104836.0546875,
          "response_length": 125,
          "generated_response": " First, we need to find the common factors of 14 and 42. The factors of 14 are 1, 2, 7, and 14. The factors of 42 are 1, 2, 3, 6, 7, 14, 21, and 42. The common factors of 14 and 42 are 1, 2, 7, and 14. Therefore, there are 4 possible numbers that Rick and Steve could be thinking of. The answer is \\boxed{4}.",
          "ground_truth": "4"
        },
        {
          "log_likelihood": -11.384387969970703,
          "log_osb": -307653.875,
          "response_length": 310,
          "generated_response": " To determine how far a car would travel at 50 miles per hour in \\(2\\frac{3}{4}\\) hours, we need to follow these steps:\n\n1. Convert the mixed number \\(2\\frac{3}{4}\\) to an improper fraction.\n2. Multiply the speed (50 miles per hour) by the time in hours.\n\nFirst, convert \\(2\\frac{3}{4}\\) to an improper fraction:\n\\[2\\frac{3}{4} = 2 + \\frac{3}{4} = \\frac{8}{4} + \\frac{3}{4} = \\frac{11}{4}\\]\n\nNow, multiply the speed by the time:\n\\[50 \\text{ miles per hour} \\times \\frac{11}{4} \\text{ hours} = 50 \\times \\frac{11}{4} = \\frac{50 \\times 11}{4} = \\frac{550}{4}\\]\n\nNext, simplify \\(\\frac{550}{4}\\):\n\\[\\frac{550}{4} = 137.5\\]\n\nConvert 137.5 to a mixed number:\n\\[137.5 = 137 \\frac{1}{2}\\]\n\nSo, the car would travel \\(\\boxed{137\\frac{1}{2}}\\) miles in \\(2\\frac{3}{4}\\) hours.",
          "ground_truth": "137 \\frac{1}{2}"
        },
        {
          "log_likelihood": -30.807750701904297,
          "log_osb": -877894.9375,
          "response_length": 818,
          "generated_response": " To determine the smallest positive integer \\( n \\) such that all the roots of the equation \\( z^4 + z^2 + 1 = 0 \\) are \\( n \\)-th roots of unity, we start by solving the given equation.\n\nFirst, let's rewrite the equation:\n\\[ z^4 + z^2 + 1 = 0. \\]\n\nWe can make a substitution to simplify this equation. Let \\( w = z^2 \\). Then the equation becomes:\n\\[ w^2 + w + 1 = 0. \\]\n\nThis is a quadratic equation in \\( w \\). We solve it using the quadratic formula:\n\\[ w = \\frac{-b \\pm \\sqrt{b^2 - 4ac}}{2a}, \\]\nwhere \\( a = 1 \\), \\( b = 1 \\), and \\( c = 1 \\). Plugging in these values, we get:\n\\[ w = \\frac{-1 \\pm \\sqrt{1^2 - 4 \\cdot 1 \\cdot 1}}{2 \\cdot 1} = \\frac{-1 \\pm \\sqrt{1 - 4}}{2} = \\frac{-1 \\pm \\sqrt{-3}}{2} = \\frac{-1 \\pm i\\sqrt{3}}{2}. \\]\n\nSo, the solutions for \\( w \\) are:\n\\[ w = \\frac{-1 + i\\sqrt{3}}{2} \\quad \\text{and} \\quad w = \\frac{-1 - i\\sqrt{3}}{2}. \\]\n\nRecall that \\( w = z^2 \\). Therefore, we need to find the square roots of these complex numbers to determine \\( z \\). The complex numbers \\( \\frac{-1 + i\\sqrt{3}}{2} \\) and \\( \\frac{-1 - i\\sqrt{3}}{2} \\) are the non-real cube roots of unity, specifically \\( \\omega \\) and \\( \\omega^2 \\), where \\( \\omega = e^{2\\pi i / 3} \\) and \\( \\omega^2 = e^{-2\\pi i / 3} \\).\n\nThe square roots of \\( \\omega \\) and \\( \\omega^2 \\) are the 6th roots of unity, specifically \\( \\omega^{1/2} \\) and \\( \\omega^{5/2} \\), which are \\( e^{i\\pi/3} \\) and \\( e^{5i\\pi/3} \\), respectively. Similarly, the square roots of \\( \\omega^2 \\) are \\( e^{i5\\pi/3} \\) and \\( e^{i\\pi/3} \\).\n\nThus, the roots of the original equation \\( z^4 + z^2 + 1 = 0 \\) are the 6th roots of unity, excluding 1 and -1. The 6th roots of unity are \\( e^{2k\\pi i / 6} \\) for \\( k = 0, 1, 2, 3, 4, 5 \\), which are \\( 1, e^{i\\pi/3}, e^{i2\\pi/3}, e^{i\\pi}, e^{i4\\pi/3}, e^{i5\\pi/3} \\). Excluding 1 and -1, we are left with \\( e^{i\\pi/3}, e^{i2\\pi/3}, e^{i4\\pi/3}, e^{i5\\pi/3} \\), which are indeed the 6th roots of unity.\n\nTherefore, the smallest positive integer \\( n \\) such that all the roots of \\( z^4 + z^2 + 1 = 0 \\) are \\( n \\)-th roots of unity is \\( \\boxed{6} \\).",
          "ground_truth": "6"
        },
        {
          "log_likelihood": -29.01736831665039,
          "log_osb": -196272.421875,
          "response_length": 210,
          "generated_response": " ```python\n# First, we need to calculate the perimeter of the hexagon.\n# A regular hexagon has 6 sides, each of length 16 cm.\nhexagon_side_length = 16\nhexagon_perimeter = 6 * hexagon_side_length\n\n# Now, we know that the perimeter of the octagon is the same as the perimeter of the hexagon.\n# A regular octagon has 8 sides. Let's denote the side length of the octagon by `x`.\n# The perimeter of the octagon is then 8 * x.\n# We set the perimeter of the octagon equal to the perimeter of the hexagon and solve for x.\noctagon_perimeter = hexagon_perimeter\noctagon_side_length = octagon_perimeter / 8\n\n# The side length of the octagon is:\nprint(octagon_side_length)\n```\n```output\n12.0\n```\nThe side length of the octagon is \\(\\boxed{12}\\) cm.",
          "ground_truth": "12"
        },
        {
          "log_likelihood": -37.51526641845703,
          "log_osb": -727421.9375,
          "response_length": 731,